id,question_text,quiz_id,correct_answer_id,difficulty,topic
1,"What is the capital city of France?",1,1,2,"Geography"
2,"Who developed the theory of general relativity?",1,5,4,"Science"
3,"What is the largest planet in our solar system?",1,9,3,"Astronomy"
4,"Who wrote the play 'Hamlet'?",1,13,4,"Literature"
5,"What is the chemical symbol for water?",1,17,1,"Chemistry"
6,"Which country hosted the 2016 Summer Olympics?",1,21,3,"Sports"
7,"What is the hardest natural substance on Earth?",1,25,2,"Geology"
8,"Who painted the Mona Lisa?",1,29,3,"Art"
9,"What is the process by which plants convert sunlight into food?",1,33,2,"Biology"
10,"What is the capital city of Japan?",1,37,2,"Geography"
11,"Who is known as the Father of Computers?",1,41,5,"Technology"
12,"In which year did World War II end?",1,45,3,"History"
13,"What is the smallest prime number?",1,49,1,"Mathematics"
14,"Which element has the atomic number 6?",1,53,4,"Chemistry"
15,"Who wrote 'Pride and Prejudice'?",1,57,4,"Literature"
16,"What is the currency of the United Kingdom?",1,61,2,"Economics"
17,"Who discovered penicillin?",1,65,5,"Medicine"
18,"What is the largest ocean on Earth?",1,69,2,"Geography"
19,"Which planet is known as the Red Planet?",1,73,1,"Astronomy"
20,"Who composed the Four Seasons?",1,77,5,"Music"
21,"What is the tallest mountain in the world?",1,81,3,"Geography"
22,"Who proposed the laws of motion?",1,85,4,"Science"
23,"What is the most abundant gas in Earth's atmosphere?",1,89,2,"Science"
24,"Who is the author of '1984' and 'Animal Farm'?",1,93,4,"Literature"
25,"What is the largest mammal?",1,97,2,"Biology"
26,"What is the capital city of Australia?",1,101,2,"Geography"
27,"Who painted 'The Starry Night'?",1,105,3,"Art"
28,"What is the smallest planet in our solar system?",1,109,2,"Astronomy"
29,"Who is known as the 'Father of Geometry'?",1,113,5,"Mathematics"
30,"What is the chemical symbol for Iron?",1,117,2,"Chemistry"
31,"In which country is the Great Barrier Reef located?",1,121,2,"Geography"
32,"Who wrote 'The Great Gatsby'?",1,125,4,"Literature"
33,"What is the largest land animal?",1,129,2,"Biology"
34,"Who discovered electricity?",1,133,5,"Science"
35,"What is the capital city of India?",1,137,2,"Geography"
36,"Which element has the atomic number 1?",1,141,1,"Chemistry"
37,"Who proposed the theory of evolution by natural selection?",1,145,4,"Biology"
38,"What is the largest continent on Earth?",1,149,2,"Geography"
39,"Who wrote 'Romeo and Juliet'?",1,153,3,"Literature"
40,"What is the boiling point of water in Celsius?",1,157,1,"Science"
41,"Which planet is known for its rings?",1,161,2,"Astronomy"
42,"Who was the first President of the United States?",1,165,3,"History"
43,"What is the most spoken language in the world?",1,169,3,"Linguistics"
44,"What organ is responsible for filtering blood in the human body?",1,173,2,"Biology"
45,"Who painted 'The Last Supper'?",1,177,4,"Art"
46,"What is the tallest building in the world?",1,181,4,"Architecture"
47,"Who formulated the law of universal gravitation?",1,185,3,"Science"
48,"What is the capital city of Egypt?",1,189,2,"Geography"
49,"Who wrote 'The Odyssey' and 'The Iliad'?",1,193,5,"Literature"
50,"What is the hardest natural substance?",1,197,2,"Geology"
51,"What is the capital city of Canada?",1,201,2,"Geography"
52,"Who is known as the 'King of Pop'?",1,205,2,"Music"
53,"What is the largest desert in the world?",1,209,3,"Geography"
54,"Who wrote 'To Kill a Mockingbird'?",1,213,4,"Literature"
55,"What is the chemical symbol for Sodium?",1,217,2,"Chemistry"
56,"Which planet is known as the Earth's twin?",1,221,3,"Astronomy"
57,"Who invented the World Wide Web?",1,225,5,"Technology"
58,"What is the largest bone in the human body?",1,229,3,"Biology"
59,"Who painted 'Girl with a Pearl Earring'?",1,233,5,"Art"
60,"What is the currency of Japan?",1,237,2,"Economics"
61,"Which country won the FIFA World Cup in 2018?",1,241,3,"Sports"
62,"Who discovered radioactivity?",1,245,5,"Science"
63,"What is the capital city of South Korea?",1,249,2,"Geography"
64,"Who wrote 'Moby-Dick'?",1,253,5,"Literature"
65,"What is the hardest rock type?",1,257,4,"Geology"
66,"Who is the Greek god of the sea?",1,261,3,"Mythology"
67,"What is the tallest waterfall in the world?",1,265,4,"Geography"
68,"Who developed the polio vaccine?",1,269,5,"Medicine"
69,"What is the smallest unit of life?",1,273,2,"Biology"
70,"Which element has the chemical symbol 'K'?",1,277,2,"Chemistry"
71,"Who composed the opera 'The Magic Flute'?",1,281,5,"Music"
72,"What is the capital city of Russia?",1,285,2,"Geography"
73,"Who proposed the three laws of planetary motion?",1,289,4,"Astronomy"
74,"What is the largest type of whale?",1,293,2,"Biology"
75,"Who is the author of 'The Catcher in the Rye'?",1,297,5,"Literature"
76,"What is the capital city of Germany?",1,301,2,"Geography"
77,"Who formulated the theory of general relativity?",1,305,4,"Science"
78,"What is the smallest country in the world by area?",1,309,3,"Geography"
79,"Who is known as the 'Father of Modern Physics'?",1,313,5,"Science"
80,"What is the chemical symbol for Gold?",1,317,2,"Chemistry"
81,"Which planet is known as the 'Morning Star'?",1,321,3,"Astronomy"
82,"Who wrote 'The Hobbit' and 'The Lord of the Rings'?",1,325,4,"Literature"
83,"What is the largest internal organ in the human body?",1,329,3,"Biology"
84,"Who painted 'The Persistence of Memory'?",1,333,5,"Art"
85,"What is the main language spoken in Brazil?",1,337,2,"Linguistics"
86,"Which country won the FIFA World Cup in 2014?",1,341,3,"Sports"
87,"Who discovered the law of universal gravitation?",1,345,4,"Science"
88,"What is the capital city of Spain?",1,349,2,"Geography"
89,"Who wrote 'The Divine Comedy'?",1,353,6,"Literature"
90,"What is the hardest naturally occurring mineral?",1,357,3,"Geology"
91,"Who is the Roman god of war?",1,361,3,"Mythology"
92,"What is the tallest mountain in Africa?",1,365,3,"Geography"
93,"Who developed the first successful polio vaccine?",1,369,5,"Medicine"
94,"What is the powerhouse of the cell called?",1,373,2,"Biology"
95,"Which element has the chemical symbol 'O'?",1,377,2,"Chemistry"
96,"Who composed the Fifth Symphony?",1,381,4,"Music"
97,"What is the capital city of China?",1,385,2,"Geography"
98,"Who proposed the heliocentric model of the universe?",1,389,5,"Astronomy"
99,"What is the largest ocean?",1,393,2,"Geography"
100,"Who is the author of 'Pride and Prejudice'?",1,397,4,"Literature"
101,"What is the chemical symbol for lead?",1,401,2,"Chemistry"
102,"What is the largest island in the world?",1,405,3,"Geography"
103,"What is the smallest continent by land area?",1,409,2,"Geography"
104,"What is the most abundant metal in the Earth's crust?",1,413,4,"Geology"
105,"What is the smallest bone in the human body?",1,417,4,"Biology"
106,"What is the capital city of Norway?",1,421,2,"Geography"
107,"What is the largest country by area?",1,425,2,"Geography"
108,"What is the capital city of Sweden?",1,429,2,"Geography"
109,"Which element has the chemical symbol 'C'?",1,433,1,"Chemistry"
110,"What is the capital city of Portugal?",1,437,2,"Geography"
111,"What is the main language spoken in Argentina?",1,441,2,"Linguistics"
112,"Who composed the 'Moonlight Sonata'?",1,445,4,"Music"
113,"What is the longest river in Africa?",1,449,3,"Geography"
114,"What is the chemical symbol for Mercury?",1,453,2,"Chemistry"
115,"Who wrote 'The Raven'?",1,457,5,"Literature"
116,"What is the largest moon of Jupiter?",1,461,4,"Astronomy"
117,"Which country is known as the Land of the Rising Sun?",1,465,2,"Geography"
118,"Who is the author of 'The Chronicles of Narnia'?",1,469,4,"Literature"
119,"What is the currency of the United States?",1,473,1,"Economics"
120,"Which planet has the Great Red Spot?",1,477,2,"Astronomy"
121,"What is the largest freshwater lake by volume?",1,481,4,"Geography"
122,"Who painted the 'School of Athens'?",1,485,5,"Art"
123,"Who is the author of 'Jane Eyre'?",1,489,5,"Literature"
124,"What is the main language spoken in Russia?",1,493,2,"Linguistics"
125,"What is the SI unit of force?",1,497,3,"Physics"
126,"What is the chemical symbol for silver?",1,501,2,"Chemistry"
127,"What is the tallest building in the world?",1,505,4,"Architecture"
128,"Who wrote 'The Catcher in the Rye'?",1,509,5,"Literature"
129,"What is the largest ocean on Earth?",1,513,2,"Geography"
130,"Who painted 'The Scream'?",1,517,4,"Art"
131,"What is the capital city of Greece?",1,521,2,"Geography"
132,"Who is known as the 'Father of Medicine'?",1,525,5,"Medicine"
133,"What is the main gas found in the air we breathe?",1,529,2,"Science"
134,"Which planet is known as the Blue Planet?",1,533,2,"Astronomy"
135,"Who developed the theory of evolution?",1,537,4,"Biology"
136,"What is the currency of India?",1,541,2,"Economics"
137,"Who is the author of 'The Picture of Dorian Gray'?",1,545,5,"Literature"
138,"What is the hardest known natural material?",1,549,3,"Geology"
139,"Who is the Greek goddess of wisdom?",1,553,3,"Mythology"
140,"What is the largest organ of the human body?",1,557,2,"Biology"
141,"Who painted 'Starry Night'?",1,561,3,"Art"
142,"What is the capital city of Thailand?",1,565,2,"Geography"
143,"Who wrote 'War and Peace'?",1,569,6,"Literature"
144,"What is the chemical symbol for potassium?",1,573,2,"Chemistry"
145,"Who discovered penicillin?",1,577,4,"Medicine"
146,"What is the largest planet in our solar system?",1,581,2,"Astronomy"
147,"Who is the author of 'Hamlet'?",1,585,3,"Literature"
148,"What is the process by which plants make food?",1,589,2,"Biology"
149,"What is the capital city of Kenya?",1,593,2,"Geography"
150,"Who is known as the 'Bard of Avon'?",1,597,4,"Literature"
151,"What is the chemical symbol for Tin?",1,601,2,"Chemistry"
152,"Who wrote 'The Lord of the Rings'?",1,605,4,"Literature"
153,"What is the largest desert on Earth?",1,609,3,"Geography"
154,"Who is known as the 'Father of Geometry'?",1,613,5,"Mathematics"
155,"What is the capital city of Mexico?",1,617,2,"Geography"
156,"What is the largest muscle in the human body?",1,621,3,"Biology"
157,"Who painted 'Guernica'?",1,625,4,"Art"
158,"What is the hardest substance in the human body?",1,629,3,"Biology"
159,"Who discovered the circulation of blood?",1,633,5,"Medicine"
160,"What is the smallest unit of matter?",1,637,3,"Physics"
161,"What is the capital city of Austria?",1,641,2,"Geography"
162,"Who wrote 'The Adventures of Tom Sawyer'?",1,645,4,"Literature"
163,"What is the chemical symbol for Calcium?",1,649,2,"Chemistry"
164,"Which planet is known as the 'Ringed Planet'?",1,653,2,"Astronomy"
165,"Who is the Roman god of the sea?",1,657,3,"Mythology"
166,"What is the main component of the sun?",1,661,3,"Astronomy"
167,"Who composed the opera 'Carmen'?",1,665,5,"Music"
168,"What is the largest artery in the human body?",1,669,4,"Biology"
169,"What is the capital city of the Netherlands?",1,673,2,"Geography"
170,"Who is known as the 'Father of History'?",1,677,5,"History"
171,"What is the chemical symbol for Neon?",1,681,2,"Chemistry"
172,"Who wrote 'Don Quixote'?",1,685,5,"Literature"
173,"What is the largest moon of Saturn?",1,689,4,"Astronomy"
174,"What is the process by which cells divide?",1,693,3,"Biology"
175,"What is the capital city of Turkey?",1,697,2,"Geography"
176,"What is the longest river in the world?",1,701,3,"Geography"
177,"Who developed the theory of relativity?",1,705,4,"Science"
178,"What organ in the human body is responsible for detoxification?",1,709,2,"Biology"
179,"Who painted the Mona Lisa?",1,713,3,"Art"
180,"What is the largest mammal?",1,717,2,"Biology"
181,"Who is known as the 'Father of Computers'?",1,721,5,"Technology"
182,"What is the process by which plants make their food?",1,725,2,"Biology"
183,"Who wrote '1984' and 'Animal Farm'?",1,729,4,"Literature"
184,"What is the hardest natural substance on Earth?",1,733,3,"Geology"
185,"Who discovered penicillin?",1,737,4,"Medicine"
186,"What is the smallest unit of life?",1,741,2,"Biology"
187,"Who composed the 'Fifth Symphony'?",1,745,4,"Music"
188,"What gas do plants absorb from the atmosphere?",1,749,2,"Science"
189,"Who is the Greek god of the underworld?",1,753,3,"Mythology"
190,"What is the study of Earth's atmosphere and weather called?",1,757,3,"Science"
191,"Who invented the telephone?",1,761,4,"Technology"
192,"What is the largest planet in our solar system?",1,765,2,"Astronomy"
193,"Who is the author of 'Pride and Prejudice'?",1,769,5,"Literature"
194,"What is the process of cell division in sexually reproducing organisms?",1,773,3,"Biology"
195,"Who painted 'The Starry Night'?",1,777,4,"Art"
196,"What is the chemical process by which cells obtain energy from glucose?",1,781,4,"Biology"
197,"Who is known as the 'Father of Modern Physics'?",1,785,5,"Science"
198,"What is the organ responsible for pumping blood throughout the human body?",1,789,1,"Biology"
199,"Who wrote 'To Kill a Mockingbird'?",1,793,5,"Literature"
200,"What is the study of past events, particularly in human affairs?",1,797,2,"History"
201,"Who is known as the father of modern economics?",1,801,5,"Economics"
202,"What does GDP stand for in economics?",1,805,3,"Economics"
203,"Which economic system is based on private ownership and free markets?",1,809,4,"Economics"
204,"What term describes a general increase in prices and fall in the purchasing value of money?",1,813,3,"Economics"
205,"Who wrote 'The Wealth of Nations'?",1,817,5,"Economics"
206,"What is the term for a market structure with a single seller and no close substitutes?",1,821,4,"Economics"
207,"What is the economic term for a situation where supply and demand are balanced?",1,825,3,"Economics"
208,"Who is the author of 'The General Theory of Employment, Interest, and Money'?",1,829,5,"Economics"
209,"What is the study of individual markets and the behavior of individual economic agents called?",1,833,3,"Economics"
210,"What is the economic term for the cost of the next best alternative foregone?",1,837,4,"Economics"
211,"Which economic indicator measures the average change over time in the prices paid by consumers?",1,841,4,"Economics"
212,"What term describes a sustained, long-term downturn in economic activity in economies?",1,845,4,"Economics"
213,"What is the central bank of the United States called?",1,849,2,"Economics"
214,"What is a period of temporary economic decline during which trade and industry are reduced?",1,853,3,"Economics"
215,"Which theory suggests that markets will clear and resources allocated efficiently without intervention?",1,857,5,"Economics"
216,"What is the name of the curve that represents the trade-off between inflation and unemployment?",1,861,5,"Economics"
217,"What is the term for the money that a bank must hold as a reserve rather than lend out?",1,865,4,"Economics"
218,"Which British economist is famous for his work on population growth and its effects?",1,869,5,"Economics"
219,"What is the term for a good whose demand increases when consumer income rises?",1,873,3,"Economics"
220,"Who is known for his theories of communism and wrote 'Das Kapital'?",1,877,4,"Economics"
221,"What is the name of the economic policy that advocates government intervention for full employment?",1,881,4,"Economics"
222,"What is the term for the reduction or elimination of government power in a particular industry?",1,885,3,"Economics"
223,"What economic term describes a market in which a few large firms dominate?",1,889,3,"Economics"
224,"Which economist is associated with the theory of comparative advantage?",1,893,5,"Economics"
225,"What is the economic phenomenon characterized by high inflation and stagnant growth?",1,897,4,"Economics"
226,"Who was the first Emperor of Rome?",1,901,4,"History"
227,"In which year did the Berlin Wall fall?",1,905,3,"History"
228,"Who was the British Prime Minister during World War II?",1,909,3,"History"
229,"What ancient civilization built the Machu Picchu complex?",1,913,3,"History"
230,"Who was known as the Maid of Orleans?",1,917,4,"History"
231,"Which war was fought between the North and South regions in the United States?",1,921,2,"History"
232,"Who was the leader of the Soviet Union during World War II?",1,925,3,"History"
233,"What was the name of the ship on which the Pilgrims traveled to America in 1620?",1,929,3,"History"
234,"Who was the first woman to fly solo across the Atlantic Ocean?",1,933,4,"History"
235,"Which empire was ruled by Genghis Khan?",1,937,2,"History"
236,"What event started on October 29, 1929, and is known as 'Black Tuesday'?",1,941,4,"History"
237,"Who was the Pharaoh of Egypt during the Exodus according to the Bible?",1,945,5,"History"
238,"Which treaty ended World War I?",1,949,3,"History"
239,"Who was the first President of South Africa elected after apartheid?",1,953,3,"History"
240,"What was the name of the global conflict that took place from 1914 to 1918?",1,957,2,"History"
241,"Who discovered the sea route to India around the Cape of Good Hope?",1,961,4,"History"
242,"Which empire was known for its road system and was located in South America?",1,965,3,"History"
243,"Who was the last Tsar of Russia?",1,969,4,"History"
244,"What was the name of the movement to end racial segregation in the United States?",1,973,3,"History"
245,"Who wrote the '95 Theses' sparking the Protestant Reformation?",1,977,5,"History"
246,"Which civilization built the pyramids of Giza?",1,981,2,"History"
247,"Who was the famous nurse known as 'The Lady with the Lamp' during the Crimean War?",1,985,4,"History"
248,"Which ancient civilization is known for the Code of Hammurabi?",1,989,3,"History"
249,"Who was the first man to circumnavigate the globe?",1,993,4,"History"
250,"What was the primary language of the Roman Empire?",1,997,2,"History"
251,"What is the basic unit of heredity in living organisms?",1,1001,2,"Biology"
252,"What is the largest cell in the human body?",1,1005,3,"Biology"
253,"Which organelle is known as the 'brain' of the cell?",1,1009,2,"Biology"
254,"What sugar is commonly known as 'blood sugar'?",1,1013,1,"Biology"
255,"What is the name of the pigment that gives plants their green color?",1,1017,2,"Biology"
256,"Which blood type is known as the universal donor?",1,1021,2,"Biology"
257,"What is the process by which a single cell divides into two identical daughter cells?",1,1025,3,"Biology"
258,"What is the scientific study of insects called?",1,1029,4,"Biology"
259,"Which molecule carries the genetic instructions used in growth, development, and functioning?",1,1033,2,"Biology"
260,"What is the largest organelle in a plant cell?",1,1037,3,"Biology"
261,"What are the tiny air sacs in the lungs where gas exchange occurs called?",1,1041,3,"Biology"
262,"What is the longest bone in the human body?",1,1045,2,"Biology"
263,"What process do cells use to produce energy in the absence of oxygen?",1,1049,4,"Biology"
264,"What is the scientific term for the study of fungi?",1,1053,4,"Biology"
265,"Which part of the brain is responsible for regulating balance and coordination?",1,1057,3,"Biology"
266,"What type of blood vessels carry blood away from the heart?",1,1061,2,"Biology"
267,"What is the name of the enzyme that breaks down lactose?",1,1065,4,"Biology"
268,"What is the hard protective outer structure found in insects and crustaceans called?",1,1069,3,"Biology"
269,"What is the process by which plants lose water vapor through their leaves?",1,1073,3,"Biology"
270,"What is the study of the interactions among organisms and their environment called?",1,1077,3,"Biology"
271,"What is the term for an organism that can make its own food?",1,1081,2,"Biology"
272,"What is the name of the process by which organisms better adapted to their environment tend to survive?",1,1085,3,"Biology"
273,"What is the molecule that serves as the main energy currency in cells?",1,1089,2,"Biology"
274,"Which blood cells are responsible for fighting infections?",1,1093,2,"Biology"
275,"What is the process by which an animal sheds its exoskeleton called?",1,1097,4,"Biology"
276,"What does CPU stand for in computer terminology?",1,1101,2,"Technology"
277,"Which company developed the iPhone?",1,1105,2,"Technology"
278,"What programming language is primarily used for Android app development?",1,1109,3,"Technology"
279,"Who is the co-founder of Microsoft Corporation?",1,1113,2,"Technology"
280,"What does HTTP stand for in internet protocol?",1,1117,3,"Technology"
281,"What technology is used to make telephone calls over the Internet possible?",1,1121,4,"Technology"
282,"What does RAM stand for in computer memory?",1,1125,2,"Technology"
283,"Who is known for co-founding Apple Inc. along with Steve Jobs?",1,1129,3,"Technology"
284,"What is the name of the first electronic general-purpose computer?",1,1133,5,"Technology"
285,"What is the most widely used operating system in personal computers?",1,1137,2,"Technology"
286,"What does GPU stand for in computer hardware?",1,1141,2,"Technology"
287,"Which company is known for its search engine and develops the Android OS?",1,1145,2,"Technology"
288,"What does USB stand for in computer peripherals?",1,1149,2,"Technology"
289,"Who is known as the father of artificial intelligence?",1,1153,5,"Technology"
290,"What is malicious software designed to harm or exploit any programmable device called?",1,1157,2,"Technology"
291,"What does LAN stand for in networking?",1,1161,2,"Technology"
292,"What is the most widely used open-source database management system?",1,1165,4,"Technology"
293,"What technology allows users to store and access data over the internet instead of on a hard drive?",1,1169,2,"Technology"
294,"Who developed the Linux kernel?",1,1173,4,"Technology"
295,"What is the name of the computer network that predates the Internet and was developed by the U.S. Department of Defense?",1,1177,5,"Technology"
296,"What does SSD stand for in computer storage?",1,1181,2,"Technology"
297,"What hardware component connects a computer to a network?",1,1185,3,"Technology"
298,"Which company is known for the video game console PlayStation series?",1,1189,2,"Technology"
299,"What is the term for a device or software that blocks unauthorized access to or from a private network?",1,1193,3,"Technology"
300,"What programming language was developed by Guido van Rossum and is known for its readability?",1,1197,3,"Technology"
301,"What is the chemical element with the symbol 'He'?",1,1201,1,"Science"
302,"Who developed the theory of general relativity?",1,1205,4,"Science"
303,"What is the most abundant gas in the Earth's atmosphere?",1,1209,2,"Science"
304,"What is the unit of electrical resistance?",1,1213,3,"Science"
305,"Who is known as the father of modern physics?",1,1217,5,"Science"
306,"What is the study of matter and energy and their interactions called?",1,1221,2,"Science"
307,"Which planet in our solar system has the most moons?",1,1225,3,"Science"
308,"What force keeps planets in orbit around the sun?",1,1229,2,"Science"
309,"Who proposed the three laws of motion?",1,1233,3,"Science"
310,"What is the powerhouse of the cell?",1,1237,2,"Science"
311,"What is the speed of light in a vacuum in meters per second?",1,1241,5,"Science"
312,"Which organ in the human body is responsible for filtering blood?",1,1245,2,"Science"
313,"What is the hardest natural substance on Earth?",1,1249,2,"Science"
314,"What is the chemical formula for table salt?",1,1253,2,"Science"
315,"Who discovered penicillin?",1,1257,4,"Science"
316,"What type of energy is stored in a stretched or compressed spring?",1,1261,3,"Science"
317,"What is the name of the largest part of the human brain?",1,1265,3,"Science"
318,"What is the pH level of pure water at 25°C?",1,1269,2,"Science"
319,"Who is famous for the equation E=mc^2?",1,1273,3,"Science"
320,"What is the main gas found in the air we breathe?",1,1277,2,"Science"
321,"What is the chemical symbol for potassium?",1,1281,2,"Science"
322,"What device measures atmospheric pressure?",1,1285,3,"Science"
323,"What phenomenon explains the bending of light as it passes from one medium to another?",1,1289,4,"Science"
324,"Which blood type is known as the universal recipient?",1,1293,3,"Science"
325,"What is the basic unit of electrical current in the International System of Units?",1,1297,2,"Science"
326,"Who is known as the 'King of Pop'?",1,1301,2,"Music"
327,"Which composer wrote the 'Moonlight Sonata'?",1,1305,3,"Music"
328,"What is the highest male singing voice called?",1,1309,3,"Music"
329,"Which band released the album 'Dark Side of the Moon'?",1,1313,3,"Music"
330,"Who is the lead vocalist of the band U2?",1,1317,2,"Music"
331,"Which musical instrument has 88 keys?",1,1321,1,"Music"
332,"Who composed the opera 'The Marriage of Figaro'?",1,1325,4,"Music"
333,"Which artist is known for the song 'Purple Rain'?",1,1329,2,"Music"
334,"What is the term for a piece of music written for eight instruments or voices?",1,1333,4,"Music"
335,"Who is the composer of 'The Four Seasons'?",1,1337,3,"Music"
336,"Which singer is known as the 'Queen of Soul'?",1,1341,2,"Music"
337,"What does the musical term 'forte' mean?",1,1345,2,"Music"
338,"Who was the drummer for The Beatles?",1,1349,2,"Music"
339,"Which classical composer became deaf later in life?",1,1353,2,"Music"
340,"What is the name of the scale that has five notes per octave?",1,1357,4,"Music"
341,"Who is known for the song 'Bohemian Rhapsody'?",1,1361,2,"Music"
342,"Which instrument is also known as the 'French harp'?",1,1365,4,"Music"
343,"Who composed 'Ride of the Valkyries'?",1,1369,4,"Music"
344,"What is the highest female singing voice called?",1,1373,3,"Music"
345,"Who is the lead singer of the band Coldplay?",1,1377,2,"Music"
346,"Which composer wrote 'The Nutcracker' ballet?",1,1381,3,"Music"
347,"What does 'tempo' refer to in music?",1,1385,2,"Music"
348,"Who is known as the 'Godfather of Soul'?",1,1389,3,"Music"
349,"Which band is famous for the album 'Abbey Road'?",1,1393,2,"Music"
350,"Who composed the 'Canon in D Major'?",1,1397,4,"Music"
351,"Who holds the record for the most home runs in a single MLB season?",1,1401,3,"Sports"
352,"Which country has won the most FIFA World Cups?",1,1405,2,"Sports"
353,"Who is known as 'The Lightning Bolt' in track and field?",1,1409,2,"Sports"
354,"In which sport would you perform a 'slam dunk'?",1,1413,1,"Sports"
355,"Which sport uses the terms 'birdie', 'eagle', and 'bogey'?",1,1417,2,"Sports"
356,"Who has won the most NBA championships as a player?",1,1421,3,"Sports"
357,"Which country hosted the first modern Olympic Games in 1896?",1,1425,3,"Sports"
358,"What is the national sport of Canada?",1,1429,3,"Sports"
359,"Who holds the record for the most Grand Slam titles in men's tennis as of 2023?",1,1433,3,"Sports"
360,"Which sport features the terms 'scrum', 'lineout', and 'try'?",1,1437,2,"Sports"
361,"Who is known as 'The Great One' in ice hockey?",1,1441,2,"Sports"
362,"Which country has won the most Olympic gold medals overall?",1,1445,2,"Sports"
363,"In which sport is the Ryder Cup contested?",1,1449,3,"Sports"
364,"Which boxer was known as 'The Greatest' and 'The People's Champion'?",1,1453,2,"Sports"
365,"What is the highest possible score in a single frame of ten-pin bowling?",1,1457,4,"Sports"
366,"Who holds the record for the fastest serve in men's professional tennis?",1,1461,4,"Sports"
367,"In which sport would you find a 'puck'?",1,1465,1,"Sports"
368,"Which country won the Rugby World Cup in 2019?",1,1469,3,"Sports"
369,"What is the only NFL team to complete a perfect season, winning all games including the Super Bowl?",1,1473,4,"Sports"
370,"Who won the men's singles gold medal in tennis at the 2016 Rio Olympics?",1,1477,3,"Sports"
371,"In which sport would you perform a 'double axel'?",1,1481,3,"Sports"
372,"Which cricketer is known for scoring 100 international centuries?",1,1485,3,"Sports"
373,"Which NBA player is nicknamed 'King James'?",1,1489,2,"Sports"
374,"Which country won the first FIFA Women's World Cup in 1991?",1,1493,3,"Sports"
375,"Who is the most decorated Olympian of all time?",1,1497,2,"Sports"
376,"Who painted the ceiling of the Sistine Chapel?",1,1501,4,"Art"
377,"Which artist is known for the sculpture 'The Thinker'?",1,1505,3,"Art"
378,"Who painted 'The Night Watch'?",1,1509,4,"Art"
379,"Which artist is famous for cutting off part of his own ear?",1,1513,2,"Art"
380,"Who painted 'Guernica'?",1,1517,4,"Art"
381,"Which artist is known for the 'Campbell's Soup Cans'?",1,1521,3,"Art"
382,"Who sculpted 'David' in marble?",1,1525,4,"Art"
383,"Which artist is associated with the Cubist movement?",1,1529,3,"Art"
384,"Who painted 'The Birth of Venus'?",1,1533,4,"Art"
385,"Which artist is known for his drip painting technique?",1,1537,3,"Art"
386,"Who painted 'The Scream'?",1,1541,3,"Art"
387,"Which artist is famous for the 'Blue Period'?",1,1545,3,"Art"
388,"Who painted 'American Gothic'?",1,1549,4,"Art"
389,"Which artist is known for the 'Mobile' sculptures?",1,1553,5,"Art"
390,"Who painted 'The Kiss'?",1,1557,4,"Art"
391,"Which artist created the 'Fountain' ready-made art piece?",1,1561,5,"Art"
392,"Who painted 'The Last Supper'?",1,1565,3,"Art"
393,"Which artist is known for the painting 'Impression, Sunrise'?",1,1569,4,"Art"
394,"Who painted 'The Girl with a Balloon' that shredded itself?",1,1573,3,"Art"
395,"Which artist is famous for his surreal melting clocks?",1,1577,2,"Art"
396,"Who painted 'The School of Athens'?",1,1581,4,"Art"
397,"Which artist is known for his pop art featuring Marilyn Monroe?",1,1585,3,"Art"
398,"Who sculpted 'The Thinker'?",1,1589,3,"Art"
399,"Which artist is associated with the Surrealist movement?",1,1593,3,"Art"
400,"Who painted 'Water Lilies' series?",1,1597,3,"Art"
401,"What is the longest river in the world?",1,1601,2,"Geography"
402,"Which country has the largest land area?",1,1605,2,"Geography"
403,"What is the capital city of Australia?",1,1609,2,"Geography"
404,"Which desert is the largest hot desert in the world?",1,1613,2,"Geography"
405,"Mount Everest is located on the border of which two countries?",1,1617,3,"Geography"
406,"What is the smallest country in the world by area?",1,1621,2,"Geography"
407,"Which ocean is the deepest?",1,1625,3,"Geography"
408,"What is the capital city of Canada?",1,1629,2,"Geography"
409,"Which continent has the most countries?",1,1633,2,"Geography"
410,"What is the largest lake in Africa?",1,1637,3,"Geography"
411,"Which river flows through Paris?",1,1641,1,"Geography"
412,"What is the official language of Brazil?",1,1645,2,"Geography"
413,"Which country is known as the Land of the Rising Sun?",1,1649,2,"Geography"
414,"What is the capital city of Egypt?",1,1653,2,"Geography"
415,"Which country has the most natural lakes?",1,1657,3,"Geography"
416,"What is the smallest continent by land area?",1,1661,2,"Geography"
417,"Which mountain range separates Europe and Asia?",1,1665,3,"Geography"
418,"What is the capital city of South Africa?",1,1669,4,"Geography"
419,"Which U.S. state is the Grand Canyon located in?",1,1673,2,"Geography"
420,"What is the world's most populous city?",1,1677,4,"Geography"
421,"Which country is home to the Great Barrier Reef?",1,1681,2,"Geography"
422,"What is the longest mountain range in the world?",1,1685,3,"Geography"
423,"Which river is the longest in Europe?",1,1689,3,"Geography"
424,"What is the capital city of Thailand?",1,1693,2,"Geography"
425,"Which country is completely landlocked by South Africa?",1,1697,4,"Geography"
426,"Who is the Greek god of the sea?",1,1701,2,"Mythology"
427,"In Norse mythology, what is the name of the world tree?",1,1705,4,"Mythology"
428,"Who is the Roman equivalent of the Greek goddess Athena?",1,1709,3,"Mythology"
429,"Which creature in Greek mythology is half man and half bull?",1,1713,2,"Mythology"
430,"Who is the Egyptian god of the underworld?",1,1717,3,"Mythology"
431,"What is the name of the one-eyed giant in Greek mythology?",1,1721,2,"Mythology"
432,"In Hindu mythology, who is the god of destruction?",1,1725,4,"Mythology"
433,"Who is the Greek goddess of love and beauty?",1,1729,1,"Mythology"
434,"What is the name of the home of the Norse gods?",1,1733,2,"Mythology"
435,"Who stole fire from the gods and gave it to mankind in Greek mythology?",1,1737,2,"Mythology"
436,"Who is the chief god in Roman mythology?",1,1741,2,"Mythology"
437,"In Greek mythology, who slew the Minotaur?",1,1745,3,"Mythology"
438,"What is the name of the river that souls must cross to enter the underworld in Greek mythology?",1,1749,4,"Mythology"
439,"Who is the messenger of the gods in Greek mythology?",1,1753,1,"Mythology"
440,"What creature is a lion with a human head in Egyptian mythology?",1,1757,2,"Mythology"
441,"In Norse mythology, who wields the hammer Mjölnir?",1,1761,2,"Mythology"
442,"Who is the queen of the gods in Roman mythology?",1,1765,2,"Mythology"
443,"In Greek mythology, who was condemned to hold up the sky for eternity?",1,1769,2,"Mythology"
444,"What is the name of the Greek god of wine and festivity?",1,1773,2,"Mythology"
445,"Who is the Greek goddess of the hunt and the moon?",1,1777,2,"Mythology"
446,"In Celtic mythology, who is the god of the sea?",1,1781,5,"Mythology"
447,"Who is the king of the underworld in Greek mythology?",1,1785,1,"Mythology"
448,"What is the name of the dragon-like creature slain by St. George in Christian legend?",1,1789,3,"Mythology"
449,"Who are the female deities that decide the fate of humans in Norse mythology?",1,1793,4,"Mythology"
450,"In Japanese mythology, who is the sun goddess?",1,1797,4,"Mythology"
451,"What is the study of the structure of words called?",1,1801,3,"Linguistics"
452,"Which language family does English belong to?",1,1805,2,"Linguistics"
453,"What term describes the smallest unit of sound that can distinguish meaning?",1,1809,3,"Linguistics"
454,"Who is considered the father of modern linguistics?",1,1813,4,"Linguistics"
455,"What is the term for a word that has the same spelling and pronunciation but different meanings?",1,1817,4,"Linguistics"
456,"Which branch of linguistics deals with sentence structure?",1,1821,2,"Linguistics"
457,"What is the study of meaning in language called?",1,1825,2,"Linguistics"
458,"What is the term for a language variety spoken by a particular group?",1,1829,3,"Linguistics"
459,"Which language is considered a language isolate?",1,1833,4,"Linguistics"
460,"What is the term for a word formed by combining parts of two words?",1,1837,3,"Linguistics"
461,"What is the International Phonetic Alphabet used for?",1,1841,2,"Linguistics"
462,"Which language family does Mandarin Chinese belong to?",1,1845,3,"Linguistics"
463,"What is the study of language change over time called?",1,1849,3,"Linguistics"
464,"What term describes the set of rules that govern the structure of sentences?",1,1853,2,"Linguistics"
465,"What is the term for two words that have opposite meanings?",1,1857,2,"Linguistics"
466,"Which linguistic term refers to the social context of language use?",1,1861,3,"Linguistics"
467,"What is the term for a simplified language that develops between groups without a common language?",1,1865,4,"Linguistics"
468,"Which language is the most spoken native language in the world?",1,1869,2,"Linguistics"
469,"What is the study of speech sounds called?",1,1873,2,"Linguistics"
470,"What term describes a word that imitates the sound it represents?",1,1877,3,"Linguistics"
471,"Who proposed the theory of Universal Grammar?",1,1881,4,"Linguistics"
472,"What is a minimal pair in linguistics?",1,1885,4,"Linguistics"
473,"What is the term for a language that has no native speakers and is used for communication between groups?",1,1889,5,"Linguistics"
474,"Which branch of linguistics studies the psychological factors in language?",1,1893,4,"Linguistics"
475,"What is code-switching in linguistics?",1,1897,3,"Linguistics"
476,"What is the speed of light in a vacuum in meters per second?",1,1901,5,"Physics"
477,"Who formulated the laws of motion and universal gravitation?",1,1905,2,"Physics"
478,"What is the unit of electric current in the International System of Units?",1,1909,2,"Physics"
479,"Which fundamental force is responsible for holding the nucleus together?",1,1913,4,"Physics"
480,"What is the name of the quantum mechanical model that describes the behavior of particles on a small scale?",1,1917,4,"Physics"
481,"What is the principle that states energy cannot be created or destroyed?",1,1921,2,"Physics"
482,"Which particle has a negative electric charge?",1,1925,1,"Physics"
483,"What phenomenon explains the bending of light as it passes from one medium to another?",1,1929,3,"Physics"
484,"Who is known for the uncertainty principle in quantum mechanics?",1,1933,3,"Physics"
485,"What is the name of the effect where the frequency of a wave changes due to the motion of the source or observer?",1,1937,4,"Physics"
486,"What is the SI unit of force?",1,1941,2,"Physics"
487,"Which law states that the total pressure exerted by a mixture of gases is equal to the sum of the partial pressures?",1,1945,5,"Physics"
488,"What is the name of the process by which nuclei of light elements combine to form heavier nuclei?",1,1949,3,"Physics"
489,"What is the term for the amount of disorder or randomness in a system?",1,1953,4,"Physics"
490,"Which fundamental particle is responsible for the electromagnetic force?",1,1957,4,"Physics"
491,"What is the effect observed when light is emitted from a hot object, shifting to redder wavelengths as the object cools?",1,1961,5,"Physics"
492,"What is the phenomenon where certain materials can conduct electricity without resistance at low temperatures?",1,1965,5,"Physics"
493,"Who developed the theory of general relativity?",1,1969,2,"Physics"
494,"What is the name of the hypothetical particles that mediate the gravitational force?",1,1973,6,"Physics"
495,"Which principle states that no two electrons can have the same set of quantum numbers?",1,1977,5,"Physics"
496,"What is the smallest possible unit of energy in quantum mechanics?",1,1981,4,"Physics"
497,"What is the device used to accelerate charged particles to high energies?",1,1985,4,"Physics"
498,"What is the term for materials that are weakly repelled by a magnetic field?",1,1989,5,"Physics"
499,"Which effect demonstrates the particle nature of light by ejecting electrons from a metal surface?",1,1993,3,"Physics"
500,"What is the term for the resistance of any physical object to a change in its state of motion?",1,1997,2,"Physics"
501,"Who is known as the father of modern architecture?",1,2001,4,"Architecture"
502,"What is the tallest building in the world as of 2021?",1,2005,2,"Architecture"
503,"Which architectural style is characterized by flying buttresses and pointed arches?",1,2009,3,"Architecture"
504,"What is the name of the famous opera house located in Sydney, Australia?",1,2013,1,"Architecture"
505,"Who designed the Guggenheim Museum in Bilbao, Spain?",1,2017,4,"Architecture"
506,"What is the architectural term for a circular opening in a dome or wall?",1,2021,5,"Architecture"
507,"Which architect is known for the Fallingwater house in Pennsylvania?",1,2025,3,"Architecture"
508,"What is the primary structural system used in Gothic cathedrals?",1,2029,5,"Architecture"
509,"Which building is considered the epitome of French Gothic architecture?",1,2033,4,"Architecture"
510,"Who is the architect behind the design of the Barcelona Pavilion?",1,2037,4,"Architecture"
511,"What is the architectural movement that emphasizes minimalism and functionality, originating in Germany in the early 20th century?",1,2041,5,"Architecture"
512,"Which ancient architectural order is characterized by fluted columns and scroll-like ornaments called volutes?",1,2045,6,"Architecture"
513,"What is the name of the famous architect who designed the 'Villa Savoye' in France?",1,2049,5,"Architecture"
514,"Which architectural style is known for its use of steel and reinforced concrete, and originated in the 1950s?",1,2053,5,"Architecture"
515,"Who is the architect of the 'Dancing House' in Prague?",1,2057,6,"Architecture"
516,"What is the term for the central supporting pillar of a spiral staircase?",1,2061,6,"Architecture"
517,"Which architectural movement is characterized by ornamentation and grandeur, popular in Europe during the 17th and 18th centuries?",1,2065,5,"Architecture"
518,"What is the largest religious monument in the world, located in Cambodia?",1,2069,4,"Architecture"
519,"Who designed the glass pyramid entrance to the Louvre Museum in Paris?",1,2073,4,"Architecture"
520,"Which skyscraper in London is officially known as 30 St Mary Axe?",1,2077,5,"Architecture"
521,"What is the architectural term for the central hall or open court in an ancient Roman house?",1,2081,6,"Architecture"
522,"Who is the female architect known for designs such as the Heydar Aliyev Center in Baku?",1,2085,4,"Architecture"
523,"Which architectural style is characterized by simplicity, natural materials, and an appreciation for imperfection, originating in Japan?",1,2089,6,"Architecture"
524,"What is the name of the architectural concept that integrates buildings with their natural surroundings, championed by Frank Lloyd Wright?",1,2093,5,"Architecture"
525,"Which ancient civilization is known for constructing ziggurats?",1,2097,3,"Architecture"
526,"What is the largest organ in the human body?",1,2101,2,"Medicine"
527,"Which blood type is known as the universal donor?",1,2105,2,"Medicine"
528,"What is the name of the protein that carries oxygen in the blood?",1,2109,3,"Medicine"
529,"Which vitamin is produced when a person is exposed to sunlight?",1,2113,2,"Medicine"
530,"What is the medical term for high blood pressure?",1,2117,3,"Medicine"
531,"Who is known as the father of modern medicine?",1,2121,4,"Medicine"
532,"What is the normal body temperature in Celsius?",1,2125,1,"Medicine"
533,"Which part of the brain is responsible for muscle coordination?",1,2129,3,"Medicine"
534,"What is the most abundant mineral in the human body?",1,2133,4,"Medicine"
535,"What is the term for a disease that is constantly present in a population?",1,2137,5,"Medicine"
536,"Which organ is affected by hepatitis?",1,2141,2,"Medicine"
537,"What is the medical term for red blood cells?",1,2145,3,"Medicine"
538,"Which disease is caused by a deficiency of insulin?",1,2149,2,"Medicine"
539,"What is the smallest bone in the human body?",1,2153,4,"Medicine"
540,"Which cell organelle is known as the powerhouse of the cell?",1,2157,2,"Medicine"
541,"What is the name of the virus that causes chickenpox?",1,2161,4,"Medicine"
542,"Which vitamin is essential for blood clotting?",1,2165,4,"Medicine"
543,"What is the medical term for inflammation of the joints?",1,2169,3,"Medicine"
544,"Which organ is responsible for filtering and cleaning the blood?",1,2173,2,"Medicine"
545,"What is the term for a medication that reduces fever?",1,2177,5,"Medicine"
546,"Which hormone regulates blood sugar levels?",1,2181,2,"Medicine"
547,"What is the primary function of white blood cells?",1,2185,2,"Medicine"
548,"Which part of the eye is responsible for controlling the amount of light that enters?",1,2189,3,"Medicine"
549,"What is the medical term for the windpipe?",1,2193,2,"Medicine"
550,"Which disease is characterized by the loss of bone density?",1,2197,3,"Medicine"
551,"Who wrote the novel 'Pride and Prejudice'?",1,2201,1,"Literature"
552,"What is the name of the protagonist in George Orwell's '1984'?",1,2205,2,"Literature"
553,"Which Shakespeare play features the characters Rosencrantz and Guildenstern?",1,2209,3,"Literature"
554,"Who is the author of 'Moby-Dick'?",1,2213,1,"Literature"
555,"Which novel begins with the line 'Call me Ishmael.'?",1,2217,2,"Literature"
556,"Who wrote 'The Great Gatsby'?",1,2221,1,"Literature"
557,"In which novel does the character Atticus Finch appear?",1,2225,2,"Literature"
558,"Who is the author of 'One Hundred Years of Solitude'?",1,2229,3,"Literature"
559,"Which poet wrote 'The Raven'?",1,2233,1,"Literature"
560,"What is the pen name of Samuel Langhorne Clemens?",1,2237,2,"Literature"
561,"Who wrote the play 'Death of a Salesman'?",1,2241,2,"Literature"
562,"Which dystopian novel features the concept of 'Big Brother'?",1,2245,1,"Literature"
563,"Who is the author of 'The Catcher in the Rye'?",1,2249,2,"Literature"
564,"Which epic poem begins with 'Sing, O Muse, of the wrath of Achilles'?",1,2253,3,"Literature"
565,"Who wrote 'Crime and Punishment'?",1,2257,2,"Literature"
566,"Which playwright wrote 'A Streetcar Named Desire'?",1,2261,3,"Literature"
567,"Who is the author of 'The Divine Comedy'?",1,2265,3,"Literature"
568,"Which novel features the character Elizabeth Bennet?",1,2269,2,"Literature"
569,"Who wrote the poem 'Ode to a Nightingale'?",1,2273,3,"Literature"
570,"Which Russian author wrote 'War and Peace'?",1,2277,2,"Literature"
571,"Who is the author of 'The Metamorphosis'?",1,2281,3,"Literature"
572,"Which Shakespeare play features the line 'To be, or not to be'?",1,2285,1,"Literature"
573,"Who wrote 'Brave New World'?",1,2289,2,"Literature"
574,"Which novel is set in the fictional town of Macondo?",1,2293,4,"Literature"
575,"Who is the author of 'Don Quixote'?",1,2297,2,"Literature"
576,"What is the closest star to Earth?",1,2301,1,"Astronomy"
577,"Which planet is known as the Red Planet?",1,2305,1,"Astronomy"
578,"What is the largest planet in our Solar System?",1,2309,1,"Astronomy"
579,"What is the name of our galaxy?",1,2313,1,"Astronomy"
580,"Which planet has the most moons?",1,2317,3,"Astronomy"
581,"What is the term for a star that suddenly increases in brightness?",1,2321,4,"Astronomy"
582,"Who proposed the heliocentric model of the Solar System?",1,2325,2,"Astronomy"
583,"What is the most abundant element in the universe?",1,2329,2,"Astronomy"
584,"Which planet is known for its prominent ring system?",1,2333,1,"Astronomy"
585,"What is the name of the first artificial Earth satellite?",1,2337,3,"Astronomy"
586,"Which space telescope was launched in 1990 and has provided deep-space images?",1,2341,2,"Astronomy"
587,"What is the term for the apparent shift in position of a star due to Earth's orbit?",1,2345,5,"Astronomy"
588,"What is the closest galaxy to the Milky Way?",1,2349,4,"Astronomy"
589,"Which planet is known as Earth's twin because of its similar size and mass?",1,2353,2,"Astronomy"
590,"What phenomenon occurs when the Moon passes between the Sun and Earth?",1,2357,2,"Astronomy"
591,"What is the term for a system of millions or billions of stars held together by gravity?",1,2361,2,"Astronomy"
592,"Which planet in our Solar System rotates on its side?",1,2365,4,"Astronomy"
593,"What is the name of the effect that describes the expansion of the universe?",1,2369,5,"Astronomy"
594,"Who is known for the laws of planetary motion?",1,2373,3,"Astronomy"
595,"What is the smallest planet in our Solar System?",1,2377,2,"Astronomy"
596,"What is the name of the boundary around a black hole beyond which nothing can escape?",1,2381,4,"Astronomy"
597,"Which planet is famous for its Great Red Spot?",1,2385,2,"Astronomy"
598,"What type of galaxy is the Milky Way?",1,2389,4,"Astronomy"
599,"What is the term for a massive explosion marking the death of a massive star?",1,2393,3,"Astronomy"
600,"Who first observed the moons of Jupiter in 1610?",1,2397,2,"Astronomy"
601,"What is the most abundant mineral in the Earth's crust?",1,2401,3,"Geology"
602,"Which type of rock is formed from cooling lava or magma?",1,2405,1,"Geology"
603,"What is the scale used to measure the hardness of minerals?",1,2409,2,"Geology"
604,"Which era is known as the 'Age of Reptiles'?",1,2413,2,"Geology"
605,"What is the name of the process by which sedimentary rocks are formed?",1,2417,3,"Geology"
606,"Which layer of the Earth lies directly below the crust?",1,2421,2,"Geology"
607,"What is the most common gas found in Earth's atmosphere?",1,2425,2,"Geology"
608,"Who is known as the father of modern geology?",1,2429,4,"Geology"
609,"What is the term for the movement of continents over geological time?",1,2433,2,"Geology"
610,"Which rock type can be transformed into metamorphic rock?",1,2437,1,"Geology"
611,"What is the name of the supercontinent that existed 300 million years ago?",1,2441,2,"Geology"
612,"Which mineral is known for its perfect cleavage and is used in pencils?",1,2445,2,"Geology"
613,"What is the study of fossils called?",1,2449,1,"Geology"
614,"Which geological era are we currently in?",1,2453,3,"Geology"
615,"What is the term for molten rock beneath the Earth's surface?",1,2457,1,"Geology"
616,"What is the most common element in the Earth's core?",1,2461,2,"Geology"
617,"Which process involves the breaking down of rocks at Earth's surface?",1,2465,2,"Geology"
618,"What type of plate boundary causes earthquakes when plates slide past each other?",1,2469,3,"Geology"
619,"Which gemstone is the hardest known natural material?",1,2473,1,"Geology"
620,"What is the term for a naturally occurring, solid mass of mineral or mineral-like matter?",1,2477,2,"Geology"
621,"Which mountain range was formed by the collision of India and Eurasia?",1,2481,3,"Geology"
622,"What is the term for the point on Earth's surface directly above an earthquake's focus?",1,2485,3,"Geology"
623,"Which rock is formed from the remains of plants deposited in swamps?",1,2489,3,"Geology"
624,"What is the study of layers of rock or soil called?",1,2493,4,"Geology"
625,"Which type of volcano is characterized by gentle slopes and built by fluid lava flows?",1,2497,4,"Geology"
626,"What is the value of Pi rounded to two decimal places?",1,2501,1,"Mathematics"
627,"What is the square root of 256?",1,2505,2,"Mathematics"
628,"What is the derivative of sin(x)?",1,2509,3,"Mathematics"
629,"What is the solution to the equation 2x + 3 = 7?",1,2513,1,"Mathematics"
630,"Who is known as the father of Geometry?",1,2517,2,"Mathematics"
631,"What is the formula for the area of a circle?",1,2521,1,"Mathematics"
632,"What is the next prime number after 7?",1,2525,1,"Mathematics"
633,"What is the value of the golden ratio approximately?",1,2529,4,"Mathematics"
634,"What is the sum of the interior angles of a triangle?",1,2533,1,"Mathematics"
635,"What is the integral of e^x?",1,2537,3,"Mathematics"
636,"What is the approximate value of the mathematical constant 'e'?",1,2541,2,"Mathematics"
637,"What is 7 factorial (7!) equal to?",1,2545,3,"Mathematics"
638,"What is the common ratio in the geometric sequence: 2, 6, 18, 54, ...?",1,2549,2,"Mathematics"
639,"What is the name of a polygon with eight sides?",1,2553,1,"Mathematics"
640,"What is the value of log base 10 of 1000?",1,2557,2,"Mathematics"
641,"What is the Pythagorean theorem?",1,2561,1,"Mathematics"
642,"What is the probability of getting a head in a fair coin toss?",1,2565,1,"Mathematics"
643,"What is the limit of (1 + 1/n)^n as n approaches infinity?",1,2569,4,"Mathematics"
644,"What is the standard deviation a measure of?",1,2573,2,"Mathematics"
645,"What is an angle greater than 90 degrees but less than 180 degrees called?",1,2577,1,"Mathematics"
646,"What is the name of the theorem that states that a² + b² = c² in a right triangle?",1,2581,1,"Mathematics"
647,"Who is known for the incompleteness theorems in mathematical logic?",1,2585,5,"Mathematics"
648,"What is the determinant of a 2x2 matrix [[a,b],[c,d]]?",1,2589,3,"Mathematics"
649,"What is the value of the infinite series 1 + 1/2 + 1/4 + 1/8 + ...?",1,2593,4,"Mathematics"
650,"What are the solutions to the quadratic equation x² - 5x + 6 = 0?",1,2597,2,"Mathematics"
651,"Which element is represented by the chemical symbol 'Fe'?",1,2601,1,"Chemistry"
652,"What is the most abundant gas in Earth's atmosphere?",1,2605,1,"Chemistry"
653,"What type of bond involves the sharing of electron pairs between atoms?",1,2609,2,"Chemistry"
654,"What is the chemical formula for table salt?",1,2613,1,"Chemistry"
655,"Who is known as the father of modern chemistry?",1,2617,3,"Chemistry"
656,"What is the term for a substance that speeds up a chemical reaction without being consumed?",1,2621,2,"Chemistry"
657,"What is Avogadro's number?",1,2625,4,"Chemistry"
658,"What is the main component of natural gas?",1,2629,2,"Chemistry"
659,"What is the process by which plants convert carbon dioxide and water into glucose and oxygen using sunlight?",1,2633,2,"Chemistry"
660,"What is the name of the law stating that the volume of a gas is inversely proportional to its pressure at constant temperature?",1,2637,3,"Chemistry"
661,"What is the term for a solution that resists changes in pH when small amounts of acid or base are added?",1,2641,3,"Chemistry"
662,"What is the term for the positively charged particle in an atom's nucleus?",1,2645,1,"Chemistry"
663,"What is the chemical name for H2SO4?",1,2649,2,"Chemistry"
664,"What is the term for a reaction that absorbs heat from its surroundings?",1,2653,3,"Chemistry"
665,"What is the common name for the compound with the formula CH3COOH?",1,2657,3,"Chemistry"
666,"What is the term for a mixture where the components are not uniformly distributed?",1,2661,2,"Chemistry"
667,"What is the periodic table group containing fluorine, chlorine, and bromine known as?",1,2665,2,"Chemistry"
668,"What is the term for the minimum energy required to start a chemical reaction?",1,2669,3,"Chemistry"
669,"What is the chemical formula for ammonia?",1,2673,2,"Chemistry"
670,"What is the name of the process by which a liquid changes into a gas at a temperature below its boiling point?",1,2677,1,"Chemistry"
671,"What is the term for isotopes of an element that are radioactive?",1,2681,3,"Chemistry"
672,"What is the name given to the horizontal rows in the periodic table?",1,2685,1,"Chemistry"
673,"What is the term for the amount of solute dissolved in a given amount of solvent?",1,2689,2,"Chemistry"
674,"What is the chemical formula for glucose?",1,2693,2,"Chemistry"
675,"What is the name of the functional group characterized by a carbon double-bonded to an oxygen?",1,2697,4,"Chemistry"
676,"Who is known as the 'Father of the Constitution' in the United States?",1,2701,2,"Politics"
677,"What is the highest court in the United States?",1,2705,1,"Politics"
678,"Which political theory advocates for the means of production to be owned collectively?",1,2709,3,"Politics"
679,"What is the term for a change or addition to a constitution?",1,2713,1,"Politics"
680,"Who wrote 'The Prince', a political treatise on ruling and power?",1,2717,2,"Politics"
681,"Which body is responsible for electing the President of the United States?",1,2721,2,"Politics"
682,"What is the political system where the state recognizes no limits to its authority?",1,2725,4,"Politics"
683,"Who is the head of government in a parliamentary system?",1,2729,1,"Politics"
684,"Which international organization was established after World War II to promote peace?",1,2733,1,"Politics"
685,"What is the term for a political system ruled by a small group of people?",1,2737,3,"Politics"
686,"Who is the philosopher known for the concept of the 'social contract'?",1,2741,2,"Politics"
687,"What is the name of the lower house of the United Kingdom's Parliament?",1,2745,1,"Politics"
688,"Which amendment to the U.S. Constitution grants freedom of speech?",1,2749,2,"Politics"
689,"What is the term for a temporary alliance of political parties?",1,2753,3,"Politics"
690,"Who was the first female Prime Minister of the United Kingdom?",1,2757,2,"Politics"
691,"What is the primary legislative body of the European Union?",1,2761,3,"Politics"
692,"Which country has a political system known as a constitutional monarchy?",1,2765,2,"Politics"
693,"What is the term for the right to vote in political elections?",1,2769,1,"Politics"
694,"Who wrote the 'Communist Manifesto' along with Friedrich Engels?",1,2773,2,"Politics"
695,"What is the name of the doctrine that aimed to prevent the spread of communism during the Cold War?",1,2777,4,"Politics"
696,"Which political ideology emphasizes individual liberties and limited government?",1,2781,2,"Politics"
697,"What is the term for the separation of powers into executive, legislative, and judicial branches?",1,2785,2,"Politics"
698,"Who is the current Secretary-General of the United Nations as of 2023?",1,2789,3,"Politics"
699,"What is the system called where two major political parties dominate politics within a government?",1,2793,2,"Politics"
700,"Which political philosopher wrote 'Leviathan', advocating for a strong central authority?",1,2797,3,"Politics"
701,"Which country is known for originating the martial art of Taekwondo?",1,2801,1,"Culture"
702,"What is the traditional Japanese art of paper folding called?",1,2805,1,"Culture"
703,"In which country did the Renaissance begin?",1,2809,2,"Culture"
704,"What is the name of the Russian nesting dolls?",1,2813,2,"Culture"
705,"Which festival is known as the 'Festival of Lights' in India?",1,2817,1,"Culture"
706,"What is the traditional Maori war dance called?",1,2821,3,"Culture"
707,"Which language is the most widely spoken in the world?",1,2825,1,"Culture"
708,"What is the national dish of Spain that consists of rice, saffron, and seafood?",1,2829,2,"Culture"
709,"Which Chinese philosophy emphasizes living in harmony with the Tao?",1,2833,3,"Culture"
710,"What is the traditional dress worn by men in Scotland?",1,2837,1,"Culture"
711,"Which artist painted the ceiling of the Sistine Chapel?",1,2841,1,"Culture"
712,"What is the Japanese term for a comics and graphic novels style?",1,2845,2,"Culture"
713,"Which South American country is famous for the tango dance?",1,2849,2,"Culture"
714,"What is the term for the traditional Hawaiian garland of flowers?",1,2853,2,"Culture"
715,"Which religion uses the Quran as its holy book?",1,2857,1,"Culture"
716,"What is the traditional German festival celebrated with beer and music?",1,2861,1,"Culture"
717,"Which city is known as the birthplace of jazz music?",1,2865,3,"Culture"
718,"What is the name of the famous French pastry shaped like a crescent?",1,2869,1,"Culture"
719,"Which African country is known for its Maasai tribe?",1,2873,2,"Culture"
720,"What is the Indian classical dance form originating from Kerala called?",1,2877,4,"Culture"
721,"Which Chinese festival involves lanterns and marks the end of the Lunar New Year celebrations?",1,2881,3,"Culture"
722,"What is the term for the philosophy and practice of nonviolence advocated by Mahatma Gandhi?",1,2885,2,"Culture"
723,"Which Middle Eastern dish consists of ground chickpeas formed into balls and deep-fried?",1,2889,2,"Culture"
724,"What is the traditional Russian beverage made from fermented black or rye bread?",1,2893,4,"Culture"
725,"Which culture is known for the mythological creatures called 'kami'?",1,2897,3,"Culture"
726,"What is the Korean fermented vegetable dish that is a staple in their cuisine?",1,2901,2,"Culture"
727,"Which Italian city is famous for its canals and gondolas?",1,2905,1,"Culture"
728,"What is the term for the Japanese ritual of tea preparation and presentation?",1,2909,3,"Culture"
729,"Which Caribbean festival is known for its vibrant costumes and music, celebrated before Lent?",1,2913,3,"Culture"
730,"What is the ancient Egyptian writing system that uses pictorial symbols?",1,2917,2,"Culture"
731,"Which culture celebrates the Day of the Dead to honor deceased loved ones?",1,2921,2,"Culture"
732,"What is the traditional Middle Eastern flatbread baked in a tandoor oven?",1,2925,2,"Culture"
733,"Which Australian landmark is sacred to the Aboriginal people?",1,2929,3,"Culture"
734,"What is the art of decorative handwriting or lettering called?",1,2933,1,"Culture"
735,"Which country is known for its elaborate masquerade Carnival in Venice?",1,2937,2,"Culture"
736,"What is the traditional Japanese garment worn by both men and women?",1,2941,1,"Culture"
737,"Which African-American holiday celebrates heritage and is observed from December 26 to January 1?",1,2945,3,"Culture"
738,"What is the traditional French stew made with meat and vegetables, often served in the winter?",1,2949,4,"Culture"
739,"Which Southeast Asian country is known for the Angkor Wat temple complex?",1,2953,2,"Culture"
740,"What is the traditional art of paper cutting in China called?",1,2957,4,"Culture"
741,"Which musical instrument is traditionally used in Indian classical music and has a long neck and gourd body?",1,2961,3,"Culture"
742,"What is the Brazilian martial art that combines elements of dance, acrobatics, and music?",1,2965,3,"Culture"
743,"Which Middle Eastern dance is characterized by hip movements and is often performed by women?",1,2969,2,"Culture"
744,"What is the traditional Japanese poetry form consisting of three lines and 17 syllables?",1,2973,2,"Culture"
745,"Which European country is famous for the cultural tradition of flamenco music and dance?",1,2977,1,"Culture"
746,"What is the term for the Japanese practice of arranging flowers artistically?",1,2981,3,"Culture"
747,"Which festival is celebrated by Hindus, Sikhs, and Jains to mark the triumph of good over evil?",1,2985,2,"Culture"
748,"What is the term for the Korean alphabet, known for its scientific design?",1,2989,4,"Culture"
749,"Which Native American structure is made of wooden poles and animal skins and is portable?",1,2993,2,"Culture"
750,"What is the name of the ancient Greek epic poems attributed to Homer?",1,2997,1,"Culture"
751,"Which political ideology advocates for minimal government intervention in economic affairs?",1,3001,3,"Politics"
752,"Who is the longest-serving British Prime Minister of the 20th century?",1,3005,2,"Politics"
753,"What is the term for the right-wing political ideology characterized by dictatorial power and forcible suppression of opposition?",1,3009,3,"Politics"
754,"Which country was the first to grant women the right to vote?",1,3013,4,"Politics"
755,"What is the lower house of the U.S. Congress called?",1,3017,1,"Politics"
756,"Who wrote 'On Liberty', a philosophical work advocating for individual freedom?",1,3021,3,"Politics"
757,"Which political theory emphasizes the importance of class struggle and aims for a classless society?",1,3025,2,"Politics"
758,"What is the name of the political scandal that led to President Richard Nixon's resignation?",1,3029,2,"Politics"
759,"Which international body is responsible for maintaining international peace and security?",1,3033,2,"Politics"
760,"What is the political term for a state governed by religious law?",1,3037,3,"Politics"
761,"Who was the leader of the Soviet Union during the Cuban Missile Crisis?",1,3041,2,"Politics"
762,"What is the name of the principle that prevents any one branch of government from becoming too powerful?",1,3045,2,"Politics"
763,"Which amendment to the U.S. Constitution abolished slavery?",1,3049,1,"Politics"
764,"Who is the political philosopher known for 'The Republic', discussing justice and the ideal state?",1,3053,2,"Politics"
765,"What is the political system where power is inherited through family lines?",1,3057,1,"Politics"
766,"Which U.S. President issued the Emancipation Proclamation?",1,3061,2,"Politics"
767,"What is the term for the political practice of manipulating electoral district boundaries for advantage?",1,3065,2,"Politics"
768,"Which European political union was established by the Maastricht Treaty in 1993?",1,3069,2,"Politics"
769,"Who is the author of 'The Wealth of Nations', laying the foundations of classical economics?",1,3073,2,"Politics"
770,"What is the term for a political and economic system where the government owns the means of production?",1,3077,2,"Politics"
771,"Which country operates under a federal system with provinces such as Ontario and Quebec?",1,3081,1,"Politics"
772,"Who was the first black President of South Africa?",1,3085,1,"Politics"
773,"What is the term for a government ruled by a king or queen?",1,3089,1,"Politics"
774,"Which U.S. Supreme Court case established judicial review?",1,3093,3,"Politics"
775,"Who is the current Chancellor of Germany as of 2023?",1,3097,2,"Politics"
776,"What is the name of the policy aimed at racial segregation in South Africa?",1,3101,2,"Politics"
777,"Which international agreement aims to combat climate change by reducing greenhouse gas emissions?",1,3105,2,"Politics"
778,"What is the term for the exclusive control by one group over an industry or market?",1,3109,2,"Politics"
779,"Who is the author of 'Le Deuxième Sexe', a foundational text in feminist theory?",1,3113,4,"Politics"
780,"Which political philosopher proposed the idea of the 'invisible hand' in economics?",1,3117,2,"Politics"
781,"What is the political ideology that combines nationalism with socialist economic policies?",1,3121,3,"Politics"
782,"Who was the first female Speaker of the U.S. House of Representatives?",1,3125,2,"Politics"
783,"What is the name of the document that declared the 13 American colonies independent from Britain?",1,3129,1,"Politics"
784,"Which country's parliament is called the Knesset?",1,3133,2,"Politics"
785,"What is the term for the division of a legislature into two separate assemblies?",1,3137,2,"Politics"
786,"Who is known for the quote 'Government of the people, by the people, for the people'?",1,3141,2,"Politics"
787,"Which political ideology advocates for the preservation of traditional institutions?",1,3145,2,"Politics"
788,"What is the term for a formal agreement between two or more nations?",1,3149,1,"Politics"
789,"Who led the Indian independence movement against British rule using nonviolent civil disobedience?",1,3153,1,"Politics"
790,"What is the upper house of the Russian Federal Assembly called?",1,3157,3,"Politics"
791,"Which U.S. President initiated the New Deal to combat the Great Depression?",1,3161,2,"Politics"
792,"What is the principle that states no person is above the law?",1,3165,2,"Politics"
793,"Who is the political theorist known for 'Das Kapital'?",1,3169,2,"Politics"
794,"What is the term for a political system where citizens vote directly on laws and policies?",1,3173,2,"Politics"
795,"Which country operates under a one-party communist system and has Havana as its capital?",1,3177,2,"Politics"
796,"What is the political process called when citizens remove an elected official before the end of their term?",1,3181,3,"Politics"
797,"Who was the first Secretary-General of the United Nations?",1,3185,4,"Politics"
798,"What is the name of the U.S. foreign policy aimed at preventing the spread of communism after WWII?",1,3189,3,"Politics"
799,"Which ancient Greek city-state is considered the birthplace of democracy?",1,3193,1,"Politics"
800,"Who is the philosopher known for his work 'Two Treatises of Government' influencing liberal political theory?",1,3197,3,"Politics"







